-- --------------------------------------------------------
-- Host:                         127.0.0.1
-- Versión del servidor:         10.6.4-MariaDB - mariadb.org binary distribution
-- SO del servidor:              Win64
-- HeidiSQL Versión:             11.3.0.6295
-- --------------------------------------------------------

/*!40101 SET @OLD_CHARACTER_SET_CLIENT=@@CHARACTER_SET_CLIENT */;
/*!40101 SET NAMES utf8 */;
/*!50503 SET NAMES utf8mb4 */;
/*!40014 SET @OLD_FOREIGN_KEY_CHECKS=@@FOREIGN_KEY_CHECKS, FOREIGN_KEY_CHECKS=0 */;
/*!40101 SET @OLD_SQL_MODE=@@SQL_MODE, SQL_MODE='NO_AUTO_VALUE_ON_ZERO' */;
/*!40111 SET @OLD_SQL_NOTES=@@SQL_NOTES, SQL_NOTES=0 */;


-- Volcando estructura de base de datos para person
DROP DATABASE IF EXISTS `person`;
CREATE DATABASE IF NOT EXISTS `person` /*!40100 DEFAULT CHARACTER SET utf8mb3 COLLATE utf8mb3_spanish_ci */;
USE `person`;

-- Volcando estructura para tabla person.acciones
DROP TABLE IF EXISTS `acciones`;
CREATE TABLE IF NOT EXISTS `acciones` (
  `id` int(11) NOT NULL AUTO_INCREMENT,
  `nombre` varchar(80) COLLATE utf8mb3_spanish_ci DEFAULT NULL,
  PRIMARY KEY (`id`)
) ENGINE=InnoDB AUTO_INCREMENT=5 DEFAULT CHARSET=utf8mb3 COLLATE=utf8mb3_spanish_ci;

-- Volcando datos para la tabla person.acciones: ~4 rows (aproximadamente)
DELETE FROM `acciones`;
/*!40000 ALTER TABLE `acciones` DISABLE KEYS */;
INSERT INTO `acciones` (`id`, `nombre`) VALUES
	(1, 'ver'),
	(2, 'crear'),
	(3, 'editar'),
	(4, 'eliminar');
/*!40000 ALTER TABLE `acciones` ENABLE KEYS */;

-- Volcando estructura para tabla person.cuentaacceso
DROP TABLE IF EXISTS `cuentaacceso`;
CREATE TABLE IF NOT EXISTS `cuentaacceso` (
  `id` int(11) NOT NULL AUTO_INCREMENT,
  `username` varchar(50) COLLATE utf8mb3_spanish_ci DEFAULT NULL,
  `password` varchar(4000) COLLATE utf8mb3_spanish_ci DEFAULT NULL,
  `iduser` int(11) DEFAULT NULL,
  `idroles` int(11) DEFAULT NULL,
  PRIMARY KEY (`id`),
  KEY `FKUSER` (`iduser`),
  KEY `FK_cuentaacceso_roles` (`idroles`),
  CONSTRAINT `FKUSER` FOREIGN KEY (`iduser`) REFERENCES `user` (`id`) ON DELETE NO ACTION ON UPDATE NO ACTION,
  CONSTRAINT `FK_cuentaacceso_roles` FOREIGN KEY (`idroles`) REFERENCES `roles` (`id`) ON DELETE NO ACTION ON UPDATE NO ACTION
) ENGINE=InnoDB AUTO_INCREMENT=2 DEFAULT CHARSET=utf8mb3 COLLATE=utf8mb3_spanish_ci;

-- Volcando datos para la tabla person.cuentaacceso: ~1 rows (aproximadamente)
DELETE FROM `cuentaacceso`;
/*!40000 ALTER TABLE `cuentaacceso` DISABLE KEYS */;
INSERT INTO `cuentaacceso` (`id`, `username`, `password`, `iduser`, `idroles`) VALUES
	(1, 'jorge.mojica', '$2b$10$Exvjd/Tp4H27IofsYY2SseHGPPLckTxo98qMLBkx.GIxzv/OEmCAK', 1, 1);
/*!40000 ALTER TABLE `cuentaacceso` ENABLE KEYS */;

-- Volcando estructura para tabla person.departamentos
DROP TABLE IF EXISTS `departamentos`;
CREATE TABLE IF NOT EXISTS `departamentos` (
  `id` int(11) NOT NULL,
  `codigo` int(11) DEFAULT NULL,
  `nombre` varchar(100) COLLATE utf8mb3_spanish_ci DEFAULT NULL,
  PRIMARY KEY (`id`)
) ENGINE=InnoDB DEFAULT CHARSET=utf8mb3 COLLATE=utf8mb3_spanish_ci;

-- Volcando datos para la tabla person.departamentos: ~33 rows (aproximadamente)
DELETE FROM `departamentos`;
/*!40000 ALTER TABLE `departamentos` DISABLE KEYS */;
INSERT INTO `departamentos` (`id`, `codigo`, `nombre`) VALUES
	(5, 5, 'ANTIOQUIA'),
	(8, 8, 'ATLANTICO'),
	(11, 11, 'BOGOTA'),
	(13, 13, 'BOLIVAR'),
	(15, 15, 'BOYACA'),
	(17, 17, 'CALDAS'),
	(18, 18, 'CAQUETA'),
	(19, 19, 'CAUCA'),
	(20, 20, 'CESAR'),
	(23, 23, 'CORDOBA'),
	(25, 25, 'CUNDINAMARCA'),
	(27, 27, 'CHOCO'),
	(41, 41, 'HUILA'),
	(44, 44, 'LA GUAJIRA'),
	(47, 47, 'MAGDALENA'),
	(50, 50, 'META'),
	(52, 52, 'NARIÑO'),
	(54, 54, 'N. DE SANTANDER'),
	(63, 63, 'QUINDIO'),
	(66, 66, 'RISARALDA'),
	(68, 68, 'SANTANDER'),
	(70, 70, 'SUCRE'),
	(73, 73, 'TOLIMA'),
	(76, 76, 'VALLE DEL CAUCA'),
	(81, 81, 'ARAUCA'),
	(85, 85, 'CASANARE'),
	(86, 86, 'PUTUMAYO'),
	(88, 88, 'SAN ANDRES'),
	(91, 91, 'AMAZONAS'),
	(94, 94, 'GUAINIA'),
	(95, 95, 'GUAVIARE'),
	(97, 97, 'VAUPES'),
	(99, 99, 'VICHADA');
/*!40000 ALTER TABLE `departamentos` ENABLE KEYS */;

-- Volcando estructura para tabla person.modulos
DROP TABLE IF EXISTS `modulos`;
CREATE TABLE IF NOT EXISTS `modulos` (
  `id` int(11) NOT NULL AUTO_INCREMENT,
  `nombre` varchar(80) COLLATE utf8mb3_spanish_ci DEFAULT NULL,
  PRIMARY KEY (`id`)
) ENGINE=InnoDB AUTO_INCREMENT=4 DEFAULT CHARSET=utf8mb3 COLLATE=utf8mb3_spanish_ci;

-- Volcando datos para la tabla person.modulos: ~3 rows (aproximadamente)
DELETE FROM `modulos`;
/*!40000 ALTER TABLE `modulos` DISABLE KEYS */;
INSERT INTO `modulos` (`id`, `nombre`) VALUES
	(1, 'Registro'),
	(2, 'Usuarios'),
	(3, 'Reportes');
/*!40000 ALTER TABLE `modulos` ENABLE KEYS */;

-- Volcando estructura para tabla person.municipios
DROP TABLE IF EXISTS `municipios`;
CREATE TABLE IF NOT EXISTS `municipios` (
  `id` int(11) NOT NULL,
  `nombre` varchar(80) COLLATE utf8mb3_spanish_ci DEFAULT NULL,
  `codigodane` varchar(4) COLLATE utf8mb3_spanish_ci DEFAULT NULL,
  `iddepartamento` int(11) DEFAULT NULL,
  PRIMARY KEY (`id`),
  KEY `FKDEPTO` (`iddepartamento`),
  CONSTRAINT `FKDEPTO` FOREIGN KEY (`iddepartamento`) REFERENCES `departamentos` (`id`) ON DELETE NO ACTION ON UPDATE NO ACTION
) ENGINE=InnoDB DEFAULT CHARSET=utf8mb3 COLLATE=utf8mb3_spanish_ci;

-- Volcando datos para la tabla person.municipios: ~1.120 rows (aproximadamente)
DELETE FROM `municipios`;
/*!40000 ALTER TABLE `municipios` DISABLE KEYS */;
INSERT INTO `municipios` (`id`, `nombre`, `codigodane`, `iddepartamento`) VALUES
	(1, 'MEDELLIN', '001', 5),
	(2, 'ABEJORRAL', '002', 5),
	(3, 'ABRIAQUI', '004', 5),
	(4, 'ALEJANDRIA', '021', 5),
	(5, 'AMAGA', '030', 5),
	(6, 'AMALFI', '031', 5),
	(7, 'ANDES', '034', 5),
	(8, 'ANGELOPOLIS', '036', 5),
	(9, 'ANGOSTURA', '038', 5),
	(10, 'ANORI', '040', 5),
	(11, 'SANTAFE DE ANTIOQUIA', '042', 5),
	(12, 'ANZA', '044', 5),
	(13, 'APARTADO', '045', 5),
	(14, 'ARBOLETES', '051', 5),
	(15, 'ARGELIA', '055', 5),
	(16, 'ARMENIA', '059', 5),
	(17, 'BARBOSA', '079', 5),
	(18, 'BELMIRA', '086', 5),
	(19, 'BELLO', '088', 5),
	(20, 'BETANIA', '091', 5),
	(21, 'BETULIA', '093', 5),
	(22, 'CIUDAD BOLIVAR', '101', 5),
	(23, 'BRICEÑO', '107', 5),
	(24, 'BURITICA', '113', 5),
	(25, 'CACERES', '120', 5),
	(26, 'CAICEDO', '125', 5),
	(27, 'CALDAS', '129', 5),
	(28, 'CAMPAMENTO', '134', 5),
	(29, 'CAÑASGORDAS', '138', 5),
	(30, 'CARACOLI', '142', 5),
	(31, 'CARAMANTA', '145', 5),
	(32, 'CAREPA', '147', 5),
	(33, 'EL CARMEN DE VIBORAL', '148', 5),
	(34, 'CAROLINA', '150', 5),
	(35, 'CAUCASIA', '154', 5),
	(36, 'CHIGORODO', '172', 5),
	(37, 'CISNEROS', '190', 5),
	(38, 'COCORNA', '197', 5),
	(39, 'CONCEPCION', '206', 5),
	(40, 'CONCORDIA', '209', 5),
	(41, 'COPACABANA', '212', 5),
	(42, 'DABEIBA', '234', 5),
	(43, 'DON MATIAS', '237', 5),
	(44, 'EBEJICO', '240', 5),
	(45, 'EL BAGRE', '250', 5),
	(46, 'ENTRERRIOS', '264', 5),
	(47, 'ENVIGADO', '266', 5),
	(48, 'FREDONIA', '282', 5),
	(49, 'FRONTINO', '284', 5),
	(50, 'GIRALDO', '306', 5),
	(51, 'GIRARDOTA', '308', 5),
	(52, 'GOMEZ PLATA', '310', 5),
	(53, 'GRANADA', '313', 5),
	(54, 'GUADALUPE', '315', 5),
	(55, 'GUARNE', '318', 5),
	(56, 'GUATAPE', '321', 5),
	(57, 'HELICONIA', '347', 5),
	(58, 'HISPANIA', '353', 5),
	(59, 'ITAGUI', '360', 5),
	(60, 'ITUANGO', '361', 5),
	(61, 'JARDIN', '364', 5),
	(62, 'JERICO', '368', 5),
	(63, 'LA CEJA', '376', 5),
	(64, 'LA ESTRELLA', '380', 5),
	(65, 'LA PINTADA', '390', 5),
	(66, 'LA UNION', '400', 5),
	(67, 'LIBORINA', '411', 5),
	(68, 'MACEO', '425', 5),
	(69, 'MARINILLA', '440', 5),
	(70, 'MONTEBELLO', '467', 5),
	(71, 'MURINDO', '475', 5),
	(72, 'MUTATA', '480', 5),
	(73, 'NARIÑO', '483', 5),
	(74, 'NECOCLI', '490', 5),
	(75, 'NECHI', '495', 5),
	(76, 'OLAYA', '501', 5),
	(77, 'PEÐOL', '541', 5),
	(78, 'PEQUE', '543', 5),
	(79, 'PUEBLORRICO', '576', 5),
	(80, 'PUERTO BERRIO', '579', 5),
	(81, 'PUERTO NARE', '585', 5),
	(82, 'PUERTO TRIUNFO', '591', 5),
	(83, 'REMEDIOS', '604', 5),
	(84, 'RETIRO', '607', 5),
	(85, 'RIONEGRO', '615', 5),
	(86, 'SABANALARGA', '628', 5),
	(87, 'SABANETA', '631', 5),
	(88, 'SALGAR', '642', 5),
	(89, 'SAN ANDRES DE CUERQUIA', '647', 5),
	(90, 'SAN CARLOS', '649', 5),
	(91, 'SAN FRANCISCO', '652', 5),
	(92, 'SAN JERONIMO', '656', 5),
	(93, 'SAN JOSE DE LA MONTAÑA', '658', 5),
	(94, 'SAN JUAN DE URABA', '659', 5),
	(95, 'SAN LUIS', '660', 5),
	(96, 'SAN PEDRO', '664', 5),
	(97, 'SAN PEDRO DE URABA', '665', 5),
	(98, 'SAN RAFAEL', '667', 5),
	(99, 'SAN ROQUE', '670', 5),
	(100, 'SAN VICENTE', '674', 5),
	(101, 'SANTA BARBARA', '679', 5),
	(102, 'SANTA ROSA DE OSOS', '686', 5),
	(103, 'SANTO DOMINGO', '690', 5),
	(104, 'EL SANTUARIO', '697', 5),
	(105, 'SEGOVIA', '736', 5),
	(106, 'SONSON', '756', 5),
	(107, 'SOPETRAN', '761', 5),
	(108, 'TAMESIS', '789', 5),
	(109, 'TARAZA', '790', 5),
	(110, 'TARSO', '792', 5),
	(111, 'TITIRIBI', '809', 5),
	(112, 'TOLEDO', '819', 5),
	(113, 'TURBO', '837', 5),
	(114, 'URAMITA', '842', 5),
	(115, 'URRAO', '847', 5),
	(116, 'VALDIVIA', '854', 5),
	(117, 'VALPARAISO', '856', 5),
	(118, 'VEGACHI', '858', 5),
	(119, 'VENECIA', '861', 5),
	(120, 'VIGIA DEL FUERTE', '873', 5),
	(121, 'YALI', '885', 5),
	(122, 'YARUMAL', '887', 5),
	(123, 'YOLOMBO', '890', 5),
	(124, 'YONDO', '893', 5),
	(125, 'ZARAGOZA', '895', 5),
	(126, 'BARRANQUILLA', '001', 8),
	(127, 'BARANOA', '078', 8),
	(128, 'CAMPO DE LA CRUZ', '137', 8),
	(129, 'CANDELARIA', '141', 8),
	(130, 'GALAPA', '296', 8),
	(131, 'JUAN DE ACOSTA', '372', 8),
	(132, 'LURUACO', '421', 8),
	(133, 'MALAMBO', '433', 8),
	(134, 'MANATI', '436', 8),
	(135, 'PALMAR DE VARELA', '520', 8),
	(136, 'PIOJO', '549', 8),
	(137, 'POLONUEVO', '558', 8),
	(138, 'PONEDERA', '560', 8),
	(139, 'PUERTO COLOMBIA', '573', 8),
	(140, 'REPELON', '606', 8),
	(141, 'SABANAGRANDE', '634', 8),
	(142, 'SABANALARGA', '638', 8),
	(143, 'SANTA LUCIA', '675', 8),
	(144, 'SANTO TOMAS', '685', 8),
	(145, 'SOLEDAD', '758', 8),
	(146, 'SUAN', '770', 8),
	(147, 'TUBARA', '832', 8),
	(148, 'USIACURI', '849', 8),
	(149, 'BOGOTA, D.C.', '001', 11),
	(150, 'CARTAGENA', '001', 13),
	(151, 'ACHI', '006', 13),
	(152, 'ALTOS DEL ROSARIO', '030', 13),
	(153, 'ARENAL', '042', 13),
	(154, 'ARJONA', '052', 13),
	(155, 'ARROYOHONDO', '062', 13),
	(156, 'BARRANCO DE LOBA', '074', 13),
	(157, 'CALAMAR', '140', 13),
	(158, 'CANTAGALLO', '160', 13),
	(159, 'CICUCO', '188', 13),
	(160, 'CORDOBA', '212', 13),
	(161, 'CLEMENCIA', '222', 13),
	(162, 'EL CARMEN DE BOLIVAR', '244', 13),
	(163, 'EL GUAMO', '248', 13),
	(164, 'EL PEÑON', '268', 13),
	(165, 'HATILLO DE LOBA', '300', 13),
	(166, 'MAGANGUE', '430', 13),
	(167, 'MAHATES', '433', 13),
	(168, 'MARGARITA', '440', 13),
	(169, 'MARIA LA BAJA', '442', 13),
	(170, 'MONTECRISTO', '458', 13),
	(171, 'MOMPOS', '468', 13),
	(172, 'NOROSI', '490', 13),
	(173, 'MORALES', '473', 13),
	(174, 'PINILLOS', '549', 13),
	(175, 'REGIDOR', '580', 13),
	(176, 'RIO VIEJO', '600', 13),
	(177, 'SAN CRISTOBAL', '620', 13),
	(178, 'SAN ESTANISLAO', '647', 13),
	(179, 'SAN FERNANDO', '650', 13),
	(180, 'SAN JACINTO', '654', 13),
	(181, 'SAN JACINTO DEL CAUCA', '655', 13),
	(182, 'SAN JUAN NEPOMUCENO', '657', 13),
	(183, 'SAN MARTIN DE LOBA', '667', 13),
	(184, 'SAN PABLO', '670', 13),
	(185, 'SANTA CATALINA', '673', 13),
	(186, 'SANTA ROSA', '683', 13),
	(187, 'SANTA ROSA DEL SUR', '688', 13),
	(188, 'SIMITI', '744', 13),
	(189, 'SOPLAVIENTO', '760', 13),
	(190, 'TALAIGUA NUEVO', '780', 13),
	(191, 'TIQUISIO', '810', 13),
	(192, 'TURBACO', '836', 13),
	(193, 'TURBANA', '838', 13),
	(194, 'VILLANUEVA', '873', 13),
	(195, 'ZAMBRANO', '894', 13),
	(196, 'TUNJA', '001', 15),
	(197, 'ALMEIDA', '022', 15),
	(198, 'AQUITANIA', '047', 15),
	(199, 'ARCABUCO', '051', 15),
	(200, 'BELEN', '087', 15),
	(201, 'BERBEO', '090', 15),
	(202, 'BETEITIVA', '092', 15),
	(203, 'BOAVITA', '097', 15),
	(204, 'BOYACA', '104', 15),
	(205, 'BRICEÑO', '106', 15),
	(206, 'BUENAVISTA', '109', 15),
	(207, 'BUSBANZA', '114', 15),
	(208, 'CALDAS', '131', 15),
	(209, 'CAMPOHERMOSO', '135', 15),
	(210, 'CERINZA', '162', 15),
	(211, 'CHINAVITA', '172', 15),
	(212, 'CHIQUINQUIRA', '176', 15),
	(213, 'CHISCAS', '180', 15),
	(214, 'CHITA', '183', 15),
	(215, 'CHITARAQUE', '185', 15),
	(216, 'CHIVATA', '187', 15),
	(217, 'CIENEGA', '189', 15),
	(218, 'COMBITA', '204', 15),
	(219, 'COPER', '212', 15),
	(220, 'CORRALES', '215', 15),
	(221, 'COVARACHIA', '218', 15),
	(222, 'CUBARA', '223', 15),
	(223, 'CUCAITA', '224', 15),
	(224, 'CUITIVA', '226', 15),
	(225, 'CHIQUIZA', '232', 15),
	(226, 'CHIVOR', '236', 15),
	(227, 'DUITAMA', '238', 15),
	(228, 'EL COCUY', '244', 15),
	(229, 'EL ESPINO', '248', 15),
	(230, 'FIRAVITOBA', '272', 15),
	(231, 'FLORESTA', '276', 15),
	(232, 'GACHANTIVA', '293', 15),
	(233, 'GAMEZA', '296', 15),
	(234, 'GARAGOA', '299', 15),
	(235, 'GUACAMAYAS', '317', 15),
	(236, 'GUATEQUE', '322', 15),
	(237, 'GUAYATA', '325', 15),
	(238, 'GsICAN', '332', 15),
	(239, 'IZA', '362', 15),
	(240, 'JENESANO', '367', 15),
	(241, 'JERICO', '368', 15),
	(242, 'LABRANZAGRANDE', '377', 15),
	(243, 'LA CAPILLA', '380', 15),
	(244, 'LA VICTORIA', '401', 15),
	(245, 'LA UVITA', '403', 15),
	(246, 'VILLA DE LEYVA', '407', 15),
	(247, 'MACANAL', '425', 15),
	(248, 'MARIPI', '442', 15),
	(249, 'MIRAFLORES', '455', 15),
	(250, 'MONGUA', '464', 15),
	(251, 'MONGUI', '466', 15),
	(252, 'MONIQUIRA', '469', 15),
	(253, 'MOTAVITA', '476', 15),
	(254, 'MUZO', '480', 15),
	(255, 'NOBSA', '491', 15),
	(256, 'NUEVO COLON', '494', 15),
	(257, 'OICATA', '500', 15),
	(258, 'OTANCHE', '507', 15),
	(259, 'PACHAVITA', '511', 15),
	(260, 'PAEZ', '514', 15),
	(261, 'PAIPA', '516', 15),
	(262, 'PAJARITO', '518', 15),
	(263, 'PANQUEBA', '522', 15),
	(264, 'PAUNA', '531', 15),
	(265, 'PAYA', '533', 15),
	(266, 'PAZ DE RIO', '537', 15),
	(267, 'PESCA', '542', 15),
	(268, 'PISBA', '550', 15),
	(269, 'PUERTO BOYACA', '572', 15),
	(270, 'QUIPAMA', '580', 15),
	(271, 'RAMIRIQUI', '599', 15),
	(272, 'RAQUIRA', '600', 15),
	(273, 'RONDON', '621', 15),
	(274, 'SABOYA', '632', 15),
	(275, 'SACHICA', '638', 15),
	(276, 'SAMACA', '646', 15),
	(277, 'SAN EDUARDO', '660', 15),
	(278, 'SAN JOSE DE PARE', '664', 15),
	(279, 'SAN LUIS DE GACENO', '667', 15),
	(280, 'SAN MATEO', '673', 15),
	(281, 'SAN MIGUEL DE SEMA', '676', 15),
	(282, 'SAN PABLO DE BORBUR', '681', 15),
	(283, 'SANTANA', '686', 15),
	(284, 'SANTA MARIA', '690', 15),
	(285, 'SANTA ROSA DE VITERBO', '693', 15),
	(286, 'SANTA SOFIA', '696', 15),
	(287, 'SATIVANORTE', '720', 15),
	(288, 'SATIVASUR', '723', 15),
	(289, 'SIACHOQUE', '740', 15),
	(290, 'SOATA', '753', 15),
	(291, 'SOCOTA', '755', 15),
	(292, 'SOCHA', '757', 15),
	(293, 'SOGAMOSO', '759', 15),
	(294, 'SOMONDOCO', '761', 15),
	(295, 'SORA', '762', 15),
	(296, 'SOTAQUIRA', '763', 15),
	(297, 'SORACA', '764', 15),
	(298, 'SUSACON', '774', 15),
	(299, 'SUTAMARCHAN', '776', 15),
	(300, 'SUTATENZA', '778', 15),
	(301, 'TASCO', '790', 15),
	(302, 'TENZA', '798', 15),
	(303, 'TIBANA', '804', 15),
	(304, 'TIBASOSA', '806', 15),
	(305, 'TINJACA', '808', 15),
	(306, 'TIPACOQUE', '810', 15),
	(307, 'TOCA', '814', 15),
	(308, 'TOGsI', '816', 15),
	(309, 'TOPAGA', '820', 15),
	(310, 'TOTA', '822', 15),
	(311, 'TUNUNGUA', '832', 15),
	(312, 'TURMEQUE', '835', 15),
	(313, 'TUTA', '837', 15),
	(314, 'TUTAZA', '839', 15),
	(315, 'UMBITA', '842', 15),
	(316, 'VENTAQUEMADA', '861', 15),
	(317, 'VIRACACHA', '879', 15),
	(318, 'ZETAQUIRA', '897', 15),
	(319, 'MANIZALES', '001', 17),
	(320, 'AGUADAS', '013', 17),
	(321, 'ANSERMA', '042', 17),
	(322, 'ARANZAZU', '050', 17),
	(323, 'BELALCAZAR', '088', 17),
	(324, 'CHINCHINA', '174', 17),
	(325, 'FILADELFIA', '272', 17),
	(326, 'LA DORADA', '380', 17),
	(327, 'LA MERCED', '388', 17),
	(328, 'MANZANARES', '433', 17),
	(329, 'MARMATO', '442', 17),
	(330, 'MARQUETALIA', '444', 17),
	(331, 'MARULANDA', '446', 17),
	(332, 'NEIRA', '486', 17),
	(333, 'NORCASIA', '495', 17),
	(334, 'PACORA', '513', 17),
	(335, 'PALESTINA', '524', 17),
	(336, 'PENSILVANIA', '541', 17),
	(337, 'RIOSUCIO', '614', 17),
	(338, 'RISARALDA', '616', 17),
	(339, 'SALAMINA', '653', 17),
	(340, 'SAMANA', '662', 17),
	(341, 'SAN JOSE', '665', 17),
	(342, 'SUPIA', '777', 17),
	(343, 'VICTORIA', '867', 17),
	(344, 'VILLAMARIA', '873', 17),
	(345, 'VITERBO', '877', 17),
	(346, 'FLORENCIA', '001', 18),
	(347, 'ALBANIA', '029', 18),
	(348, 'BELEN DE LOS ANDAQUIES', '094', 18),
	(349, 'CARTAGENA DEL CHAIRA', '150', 18),
	(350, 'CURILLO', '205', 18),
	(351, 'EL DONCELLO', '247', 18),
	(352, 'EL PAUJIL', '256', 18),
	(353, 'LA MONTAÑITA', '410', 18),
	(354, 'MILAN', '460', 18),
	(355, 'MORELIA', '479', 18),
	(356, 'PUERTO RICO', '592', 18),
	(357, 'SAN JOSE DEL FRAGUA', '610', 18),
	(358, 'SAN VICENTE DEL CAGUAN', '753', 18),
	(359, 'SOLANO', '756', 18),
	(360, 'SOLITA', '785', 18),
	(361, 'VALPARAISO', '860', 18),
	(362, 'POPAYAN', '001', 19),
	(363, 'ALMAGUER', '022', 19),
	(364, 'ARGELIA', '050', 19),
	(365, 'BALBOA', '075', 19),
	(366, 'BOLIVAR', '100', 19),
	(367, 'BUENOS AIRES', '110', 19),
	(368, 'CAJIBIO', '130', 19),
	(369, 'CALDONO', '137', 19),
	(370, 'CALOTO', '142', 19),
	(371, 'CORINTO', '212', 19),
	(372, 'EL TAMBO', '256', 19),
	(373, 'FLORENCIA', '290', 19),
	(374, 'GUACHENE', '300', 19),
	(375, 'GUAPI', '318', 19),
	(376, 'INZA', '355', 19),
	(377, 'JAMBALO', '364', 19),
	(378, 'LA SIERRA', '392', 19),
	(379, 'LA VEGA', '397', 19),
	(380, 'LOPEZ', '418', 19),
	(381, 'MERCADERES', '450', 19),
	(382, 'MIRANDA', '455', 19),
	(383, 'MORALES', '473', 19),
	(384, 'PADILLA', '513', 19),
	(385, 'PAEZ', '517', 19),
	(386, 'PATIA', '532', 19),
	(387, 'PIAMONTE', '533', 19),
	(388, 'PIENDAMO', '548', 19),
	(389, 'PUERTO TEJADA', '573', 19),
	(390, 'PURACE', '585', 19),
	(391, 'ROSAS', '622', 19),
	(392, 'SAN SEBASTIAN', '693', 19),
	(393, 'SANTANDER DE QUILICHAO', '698', 19),
	(394, 'SANTA ROSA', '701', 19),
	(395, 'SILVIA', '743', 19),
	(396, 'SOTARA', '760', 19),
	(397, 'SUAREZ', '780', 19),
	(398, 'SUCRE', '785', 19),
	(399, 'TIMBIO', '807', 19),
	(400, 'TIMBIQUI', '809', 19),
	(401, 'TORIBIO', '821', 19),
	(402, 'TOTORO', '824', 19),
	(403, 'VILLA RICA', '845', 19),
	(404, 'VALLEDUPAR', '001', 20),
	(405, 'AGUACHICA', '011', 20),
	(406, 'AGUSTIN CODAZZI', '013', 20),
	(407, 'ASTREA', '032', 20),
	(408, 'BECERRIL', '045', 20),
	(409, 'BOSCONIA', '060', 20),
	(410, 'CHIMICHAGUA', '175', 20),
	(411, 'CHIRIGUANA', '178', 20),
	(412, 'CURUMANI', '228', 20),
	(413, 'EL COPEY', '238', 20),
	(414, 'EL PASO', '250', 20),
	(415, 'GAMARRA', '295', 20),
	(416, 'GONZALEZ', '310', 20),
	(417, 'LA GLORIA', '383', 20),
	(418, 'LA JAGUA DE IBIRICO', '400', 20),
	(419, 'MANAURE', '443', 20),
	(420, 'PAILITAS', '517', 20),
	(421, 'PELAYA', '550', 20),
	(422, 'PUEBLO BELLO', '570', 20),
	(423, 'RIO DE ORO', '614', 20),
	(424, 'LA PAZ', '621', 20),
	(425, 'SAN ALBERTO', '710', 20),
	(426, 'SAN DIEGO', '750', 20),
	(427, 'SAN MARTIN', '770', 20),
	(428, 'TAMALAMEQUE', '787', 20),
	(429, 'MONTERIA', '001', 23),
	(430, 'AYAPEL', '068', 23),
	(431, 'BUENAVISTA', '079', 23),
	(432, 'CANALETE', '090', 23),
	(433, 'CERETE', '162', 23),
	(434, 'CHIMA', '168', 23),
	(435, 'CHINU', '182', 23),
	(436, 'CIENAGA DE ORO', '189', 23),
	(437, 'COTORRA', '300', 23),
	(438, 'LA APARTADA', '350', 23),
	(439, 'LORICA', '417', 23),
	(440, 'LOS CORDOBAS', '419', 23),
	(441, 'MOMIL', '464', 23),
	(442, 'MONTELIBANO', '466', 23),
	(443, 'MOÑITOS', '500', 23),
	(444, 'PLANETA RICA', '555', 23),
	(445, 'PUEBLO NUEVO', '570', 23),
	(446, 'PUERTO ESCONDIDO', '574', 23),
	(447, 'PUERTO LIBERTADOR', '580', 23),
	(448, 'PURISIMA', '586', 23),
	(449, 'SAHAGUN', '660', 23),
	(450, 'SAN ANDRES SOTAVENTO', '670', 23),
	(451, 'SAN ANTERO', '672', 23),
	(452, 'SAN BERNARDO DEL VIENTO', '675', 23),
	(453, 'SAN CARLOS', '678', 23),
	(454, 'SAN PELAYO', '686', 23),
	(455, 'TIERRALTA', '807', 23),
	(456, 'VALENCIA', '855', 23),
	(457, 'AGUA DE DIOS', '001', 25),
	(458, 'ALBAN', '019', 25),
	(459, 'ANAPOIMA', '035', 25),
	(460, 'ANOLAIMA', '040', 25),
	(461, 'ARBELAEZ', '053', 25),
	(462, 'BELTRAN', '086', 25),
	(463, 'BITUIMA', '095', 25),
	(464, 'BOJACA', '099', 25),
	(465, 'CABRERA', '120', 25),
	(466, 'CACHIPAY', '123', 25),
	(467, 'CAJICA', '126', 25),
	(468, 'CAPARRAPI', '148', 25),
	(469, 'CAQUEZA', '151', 25),
	(470, 'CARMEN DE CARUPA', '154', 25),
	(471, 'CHAGUANI', '168', 25),
	(472, 'CHIA', '175', 25),
	(473, 'CHIPAQUE', '178', 25),
	(474, 'CHOACHI', '181', 25),
	(475, 'CHOCONTA', '183', 25),
	(476, 'COGUA', '200', 25),
	(477, 'COTA', '214', 25),
	(478, 'CUCUNUBA', '224', 25),
	(479, 'EL COLEGIO', '245', 25),
	(480, 'EL PEÑON', '258', 25),
	(481, 'EL ROSAL', '260', 25),
	(482, 'FACATATIVA', '269', 25),
	(483, 'FOMEQUE', '279', 25),
	(484, 'FOSCA', '281', 25),
	(485, 'FUNZA', '286', 25),
	(486, 'FUQUENE', '288', 25),
	(487, 'FUSAGASUGA', '290', 25),
	(488, 'GACHALA', '293', 25),
	(489, 'GACHANCIPA', '295', 25),
	(490, 'GACHETA', '297', 25),
	(491, 'GAMA', '299', 25),
	(492, 'GIRARDOT', '307', 25),
	(493, 'GRANADA', '312', 25),
	(494, 'GUACHETA', '317', 25),
	(495, 'GUADUAS', '320', 25),
	(496, 'GUASCA', '322', 25),
	(497, 'GUATAQUI', '324', 25),
	(498, 'GUATAVITA', '326', 25),
	(499, 'GUAYABAL DE SIQUIMA', '328', 25),
	(500, 'GUAYABETAL', '335', 25),
	(501, 'GUTIERREZ', '339', 25),
	(502, 'JERUSALEN', '368', 25),
	(503, 'JUNIN', '372', 25),
	(504, 'LA CALERA', '377', 25),
	(505, 'LA MESA', '386', 25),
	(506, 'LA PALMA', '394', 25),
	(507, 'LA PEÑA', '398', 25),
	(508, 'LA VEGA', '402', 25),
	(509, 'LENGUAZAQUE', '407', 25),
	(510, 'MACHETA', '426', 25),
	(511, 'MADRID', '430', 25),
	(512, 'MANTA', '436', 25),
	(513, 'MEDINA', '438', 25),
	(514, 'MOSQUERA', '473', 25),
	(515, 'NARIÑO', '483', 25),
	(516, 'NEMOCON', '486', 25),
	(517, 'NILO', '488', 25),
	(518, 'NIMAIMA', '489', 25),
	(519, 'NOCAIMA', '491', 25),
	(520, 'VENECIA', '506', 25),
	(521, 'PACHO', '513', 25),
	(522, 'PAIME', '518', 25),
	(523, 'PANDI', '524', 25),
	(524, 'PARATEBUENO', '530', 25),
	(525, 'PASCA', '535', 25),
	(526, 'PUERTO SALGAR', '572', 25),
	(527, 'PULI', '580', 25),
	(528, 'QUEBRADANEGRA', '592', 25),
	(529, 'QUETAME', '594', 25),
	(530, 'QUIPILE', '596', 25),
	(531, 'APULO', '599', 25),
	(532, 'RICAURTE', '612', 25),
	(533, 'SAN ANTONIO DEL TEQUENDAMA', '645', 25),
	(534, 'SAN BERNARDO', '649', 25),
	(535, 'SAN CAYETANO', '653', 25),
	(536, 'SAN FRANCISCO', '658', 25),
	(537, 'SAN JUAN DE RIO SECO', '662', 25),
	(538, 'SASAIMA', '718', 25),
	(539, 'SESQUILE', '736', 25),
	(540, 'SIBATE', '740', 25),
	(541, 'SILVANIA', '743', 25),
	(542, 'SIMIJACA', '745', 25),
	(543, 'SOACHA', '754', 25),
	(544, 'SOPO', '758', 25),
	(545, 'SUBACHOQUE', '769', 25),
	(546, 'SUESCA', '772', 25),
	(547, 'SUPATA', '777', 25),
	(548, 'SUSA', '779', 25),
	(549, 'SUTATAUSA', '781', 25),
	(550, 'TABIO', '785', 25),
	(551, 'TAUSA', '793', 25),
	(552, 'TENA', '797', 25),
	(553, 'TENJO', '799', 25),
	(554, 'TIBACUY', '805', 25),
	(555, 'TIBIRITA', '807', 25),
	(556, 'TOCAIMA', '815', 25),
	(557, 'TOCANCIPA', '817', 25),
	(558, 'TOPAIPI', '823', 25),
	(559, 'UBALA', '839', 25),
	(560, 'UBAQUE', '841', 25),
	(561, 'VILLA DE SAN DIEGO DE UBATE', '843', 25),
	(562, 'UNE', '845', 25),
	(563, 'UTICA', '851', 25),
	(564, 'VERGARA', '862', 25),
	(565, 'VIANI', '867', 25),
	(566, 'VILLAGOMEZ', '871', 25),
	(567, 'VILLAPINZON', '873', 25),
	(568, 'VILLETA', '875', 25),
	(569, 'VIOTA', '878', 25),
	(570, 'YACOPI', '885', 25),
	(571, 'ZIPACON', '898', 25),
	(572, 'ZIPAQUIRA', '899', 25),
	(573, 'QUIBDO', '001', 27),
	(574, 'ACANDI', '006', 27),
	(575, 'ALTO BAUDO', '025', 27),
	(576, 'ATRATO', '050', 27),
	(577, 'BAGADO', '073', 27),
	(578, 'BAHIA SOLANO', '075', 27),
	(579, 'BAJO BAUDO', '077', 27),
	(580, 'BOJAYA', '099', 27),
	(581, 'EL CANTON DEL SAN PABLO', '135', 27),
	(582, 'CARMEN DEL DARIEN', '150', 27),
	(583, 'CERTEGUI', '160', 27),
	(584, 'CONDOTO', '205', 27),
	(585, 'EL CARMEN DE ATRATO', '245', 27),
	(586, 'EL LITORAL DEL SAN JUAN', '250', 27),
	(587, 'ISTMINA', '361', 27),
	(588, 'JURADO', '372', 27),
	(589, 'LLORO', '413', 27),
	(590, 'MEDIO ATRATO', '425', 27),
	(591, 'MEDIO BAUDO', '430', 27),
	(592, 'MEDIO SAN JUAN', '450', 27),
	(593, 'NOVITA', '491', 27),
	(594, 'NUQUI', '495', 27),
	(595, 'RIO IRO', '580', 27),
	(596, 'RIO QUITO', '600', 27),
	(597, 'RIOSUCIO', '615', 27),
	(598, 'SAN JOSE DEL PALMAR', '660', 27),
	(599, 'SIPI', '745', 27),
	(600, 'TADO', '787', 27),
	(601, 'UNGUIA', '800', 27),
	(602, 'UNION PANAMERICANA', '810', 27),
	(603, 'NEIVA', '001', 41),
	(604, 'ACEVEDO', '006', 41),
	(605, 'AGRADO', '013', 41),
	(606, 'AIPE', '016', 41),
	(607, 'ALGECIRAS', '020', 41),
	(608, 'ALTAMIRA', '026', 41),
	(609, 'BARAYA', '078', 41),
	(610, 'CAMPOALEGRE', '132', 41),
	(611, 'COLOMBIA', '206', 41),
	(612, 'ELIAS', '244', 41),
	(613, 'GARZON', '298', 41),
	(614, 'GIGANTE', '306', 41),
	(615, 'GUADALUPE', '319', 41),
	(616, 'HOBO', '349', 41),
	(617, 'IQUIRA', '357', 41),
	(618, 'ISNOS', '359', 41),
	(619, 'LA ARGENTINA', '378', 41),
	(620, 'LA PLATA', '396', 41),
	(621, 'NATAGA', '483', 41),
	(622, 'OPORAPA', '503', 41),
	(623, 'PAICOL', '518', 41),
	(624, 'PALERMO', '524', 41),
	(625, 'PALESTINA', '530', 41),
	(626, 'PITAL', '548', 41),
	(627, 'PITALITO', '551', 41),
	(628, 'RIVERA', '615', 41),
	(629, 'SALADOBLANCO', '660', 41),
	(630, 'SAN AGUSTIN', '668', 41),
	(631, 'SANTA MARIA', '676', 41),
	(632, 'SUAZA', '770', 41),
	(633, 'TARQUI', '791', 41),
	(634, 'TESALIA', '797', 41),
	(635, 'TELLO', '799', 41),
	(636, 'TERUEL', '801', 41),
	(637, 'TIMANA', '807', 41),
	(638, 'VILLAVIEJA', '872', 41),
	(639, 'YAGUARA', '885', 41),
	(640, 'RIOHACHA', '001', 44),
	(641, 'ALBANIA', '035', 44),
	(642, 'BARRANCAS', '078', 44),
	(643, 'DIBULLA', '090', 44),
	(644, 'DISTRACCION', '098', 44),
	(645, 'EL MOLINO', '110', 44),
	(646, 'FONSECA', '279', 44),
	(647, 'HATONUEVO', '378', 44),
	(648, 'LA JAGUA DEL PILAR', '420', 44),
	(649, 'MAICAO', '430', 44),
	(650, 'MANAURE', '560', 44),
	(651, 'SAN JUAN DEL CESAR', '650', 44),
	(652, 'URIBIA', '847', 44),
	(653, 'URUMITA', '855', 44),
	(654, 'VILLANUEVA', '874', 44),
	(655, 'SANTA MARTA', '001', 47),
	(656, 'ALGARROBO', '030', 47),
	(657, 'ARACATACA', '053', 47),
	(658, 'ARIGUANI', '058', 47),
	(659, 'CERRO SAN ANTONIO', '161', 47),
	(660, 'CHIBOLO', '170', 47),
	(661, 'CIENAGA', '189', 47),
	(662, 'CONCORDIA', '205', 47),
	(663, 'EL BANCO', '245', 47),
	(664, 'EL PIÑON', '258', 47),
	(665, 'EL RETEN', '268', 47),
	(666, 'FUNDACION', '288', 47),
	(667, 'GUAMAL', '318', 47),
	(668, 'NUEVA GRANADA', '460', 47),
	(669, 'PEDRAZA', '541', 47),
	(670, 'PIJIÑO DEL CARMEN', '545', 47),
	(671, 'PIVIJAY', '551', 47),
	(672, 'PLATO', '555', 47),
	(673, 'PUEBLOVIEJO', '570', 47),
	(674, 'REMOLINO', '605', 47),
	(675, 'SABANAS DE SAN ANGEL', '660', 47),
	(676, 'SALAMINA', '675', 47),
	(677, 'SAN SEBASTIAN DE BUENAVISTA', '692', 47),
	(678, 'SAN ZENON', '703', 47),
	(679, 'SANTA ANA', '707', 47),
	(680, 'SANTA BARBARA DE PINTO', '720', 47),
	(681, 'SITIONUEVO', '745', 47),
	(682, 'TENERIFE', '798', 47),
	(683, 'ZAPAYAN', '960', 47),
	(684, 'ZONA BANANERA', '980', 47),
	(685, 'VILLAVICENCIO', '001', 50),
	(686, 'ACACIAS', '006', 50),
	(687, 'BARRANCA DE UPIA', '110', 50),
	(688, 'CABUYARO', '124', 50),
	(689, 'CASTILLA LA NUEVA', '150', 50),
	(690, 'CUBARRAL', '223', 50),
	(691, 'CUMARAL', '226', 50),
	(692, 'EL CALVARIO', '245', 50),
	(693, 'EL CASTILLO', '251', 50),
	(694, 'EL DORADO', '270', 50),
	(695, 'FUENTE DE ORO', '287', 50),
	(696, 'GRANADA', '313', 50),
	(697, 'GUAMAL', '318', 50),
	(698, 'MAPIRIPAN', '325', 50),
	(699, 'MESETAS', '330', 50),
	(700, 'LA MACARENA', '350', 50),
	(701, 'URIBE', '370', 50),
	(702, 'LEJANIAS', '400', 50),
	(703, 'PUERTO CONCORDIA', '450', 50),
	(704, 'PUERTO GAITAN', '568', 50),
	(705, 'PUERTO LOPEZ', '573', 50),
	(706, 'PUERTO LLERAS', '577', 50),
	(707, 'PUERTO RICO', '590', 50),
	(708, 'RESTREPO', '606', 50),
	(709, 'SAN CARLOS DE GUAROA', '680', 50),
	(710, 'SAN JUAN DE ARAMA', '683', 50),
	(711, 'SAN JUANITO', '686', 50),
	(712, 'SAN MARTIN', '689', 50),
	(713, 'VISTAHERMOSA', '711', 50),
	(714, 'PASTO', '001', 52),
	(715, 'ALBAN', '019', 52),
	(716, 'ALDANA', '022', 52),
	(717, 'ANCUYA', '036', 52),
	(718, 'ARBOLEDA', '051', 52),
	(719, 'BARBACOAS', '079', 52),
	(720, 'BELEN', '083', 52),
	(721, 'BUESACO', '110', 52),
	(722, 'COLON', '203', 52),
	(723, 'CONSACA', '207', 52),
	(724, 'CONTADERO', '210', 52),
	(725, 'CORDOBA', '215', 52),
	(726, 'CUASPUD', '224', 52),
	(727, 'CUMBAL', '227', 52),
	(728, 'CUMBITARA', '233', 52),
	(729, 'CHACHAGsI', '240', 52),
	(730, 'EL CHARCO', '250', 52),
	(731, 'EL PEÑOL', '254', 52),
	(732, 'EL ROSARIO', '256', 52),
	(733, 'EL TABLON DE GOMEZ', '258', 52),
	(734, 'EL TAMBO', '260', 52),
	(735, 'FUNES', '287', 52),
	(736, 'GUACHUCAL', '317', 52),
	(737, 'GUAITARILLA', '320', 52),
	(738, 'GUALMATAN', '323', 52),
	(739, 'ILES', '352', 52),
	(740, 'IMUES', '354', 52),
	(741, 'IPIALES', '356', 52),
	(742, 'LA CRUZ', '378', 52),
	(743, 'LA FLORIDA', '381', 52),
	(744, 'LA LLANADA', '385', 52),
	(745, 'LA TOLA', '390', 52),
	(746, 'LA UNION', '399', 52),
	(747, 'LEIVA', '405', 52),
	(748, 'LINARES', '411', 52),
	(749, 'LOS ANDES', '418', 52),
	(750, 'MAGsI', '427', 52),
	(751, 'MALLAMA', '435', 52),
	(752, 'MOSQUERA', '473', 52),
	(753, 'NARIÑO', '480', 52),
	(754, 'OLAYA HERRERA', '490', 52),
	(755, 'OSPINA', '506', 52),
	(756, 'FRANCISCO PIZARRO', '520', 52),
	(757, 'POLICARPA', '540', 52),
	(758, 'POTOSI', '560', 52),
	(759, 'PROVIDENCIA', '565', 52),
	(760, 'PUERRES', '573', 52),
	(761, 'PUPIALES', '585', 52),
	(762, 'RICAURTE', '612', 52),
	(763, 'ROBERTO PAYAN', '621', 52),
	(764, 'SAMANIEGO', '678', 52),
	(765, 'SANDONA', '683', 52),
	(766, 'SAN BERNARDO', '685', 52),
	(767, 'SAN LORENZO', '687', 52),
	(768, 'SAN PABLO', '693', 52),
	(769, 'SAN PEDRO DE CARTAGO', '694', 52),
	(770, 'SANTA BARBARA', '696', 52),
	(771, 'SANTACRUZ', '699', 52),
	(772, 'SAPUYES', '720', 52),
	(773, 'TAMINANGO', '786', 52),
	(774, 'TANGUA', '788', 52),
	(775, 'SAN ANDRES DE TUMACO', '835', 52),
	(776, 'TUQUERRES', '838', 52),
	(777, 'YACUANQUER', '885', 52),
	(778, 'CUCUTA', '001', 54),
	(779, 'ABREGO', '003', 54),
	(780, 'ARBOLEDAS', '051', 54),
	(781, 'BOCHALEMA', '099', 54),
	(782, 'BUCARASICA', '109', 54),
	(783, 'CACOTA', '125', 54),
	(784, 'CACHIRA', '128', 54),
	(785, 'CHINACOTA', '172', 54),
	(786, 'CHITAGA', '174', 54),
	(787, 'CONVENCION', '206', 54),
	(788, 'CUCUTILLA', '223', 54),
	(789, 'DURANIA', '239', 54),
	(790, 'EL CARMEN', '245', 54),
	(791, 'EL TARRA', '250', 54),
	(792, 'EL ZULIA', '261', 54),
	(793, 'GRAMALOTE', '313', 54),
	(794, 'HACARI', '344', 54),
	(795, 'HERRAN', '347', 54),
	(796, 'LABATECA', '377', 54),
	(797, 'LA ESPERANZA', '385', 54),
	(798, 'LA PLAYA', '398', 54),
	(799, 'LOS PATIOS', '405', 54),
	(800, 'LOURDES', '418', 54),
	(801, 'MUTISCUA', '480', 54),
	(802, 'OCAÑA', '498', 54),
	(803, 'PAMPLONA', '518', 54),
	(804, 'PAMPLONITA', '520', 54),
	(805, 'PUERTO SANTANDER', '553', 54),
	(806, 'RAGONVALIA', '599', 54),
	(807, 'SALAZAR', '660', 54),
	(808, 'SAN CALIXTO', '670', 54),
	(809, 'SAN CAYETANO', '673', 54),
	(810, 'SANTIAGO', '680', 54),
	(811, 'SARDINATA', '720', 54),
	(812, 'SILOS', '743', 54),
	(813, 'TEORAMA', '800', 54),
	(814, 'TIBU', '810', 54),
	(815, 'TOLEDO', '820', 54),
	(816, 'VILLA CARO', '871', 54),
	(817, 'VILLA DEL ROSARIO', '874', 54),
	(818, 'ARMENIA', '001', 63),
	(819, 'BUENAVISTA', '111', 63),
	(820, 'CALARCA', '130', 63),
	(821, 'CIRCASIA', '190', 63),
	(822, 'CORDOBA', '212', 63),
	(823, 'FILANDIA', '272', 63),
	(824, 'GENOVA', '302', 63),
	(825, 'LA TEBAIDA', '401', 63),
	(826, 'MONTENEGRO', '470', 63),
	(827, 'PIJAO', '548', 63),
	(828, 'QUIMBAYA', '594', 63),
	(829, 'SALENTO', '690', 63),
	(830, 'PEREIRA', '001', 66),
	(831, 'APIA', '045', 66),
	(832, 'BALBOA', '075', 66),
	(833, 'BELEN DE UMBRIA', '088', 66),
	(834, 'DOSQUEBRADAS', '170', 66),
	(835, 'GUATICA', '318', 66),
	(836, 'LA CELIA', '383', 66),
	(837, 'LA VIRGINIA', '400', 66),
	(838, 'MARSELLA', '440', 66),
	(839, 'MISTRATO', '456', 66),
	(840, 'PUEBLO RICO', '572', 66),
	(841, 'QUINCHIA', '594', 66),
	(842, 'SANTA ROSA DE CABAL', '682', 66),
	(843, 'SANTUARIO', '687', 66),
	(844, 'BUCARAMANGA', '001', 68),
	(845, 'AGUADA', '013', 68),
	(846, 'ALBANIA', '020', 68),
	(847, 'ARATOCA', '051', 68),
	(848, 'BARBOSA', '077', 68),
	(849, 'BARICHARA', '079', 68),
	(850, 'BARRANCABERMEJA', '081', 68),
	(851, 'BETULIA', '092', 68),
	(852, 'BOLIVAR', '101', 68),
	(853, 'CABRERA', '121', 68),
	(854, 'CALIFORNIA', '132', 68),
	(855, 'CAPITANEJO', '147', 68),
	(856, 'CARCASI', '152', 68),
	(857, 'CEPITA', '160', 68),
	(858, 'CERRITO', '162', 68),
	(859, 'CHARALA', '167', 68),
	(860, 'CHARTA', '169', 68),
	(861, 'CHIMA', '176', 68),
	(862, 'CHIPATA', '179', 68),
	(863, 'CIMITARRA', '190', 68),
	(864, 'CONCEPCION', '207', 68),
	(865, 'CONFINES', '209', 68),
	(866, 'CONTRATACION', '211', 68),
	(867, 'COROMORO', '217', 68),
	(868, 'CURITI', '229', 68),
	(869, 'EL CARMEN DE CHUCURI', '235', 68),
	(870, 'EL GUACAMAYO', '245', 68),
	(871, 'EL PEÑON', '250', 68),
	(872, 'EL PLAYON', '255', 68),
	(873, 'ENCINO', '264', 68),
	(874, 'ENCISO', '266', 68),
	(875, 'FLORIAN', '271', 68),
	(876, 'FLORIDABLANCA', '276', 68),
	(877, 'GALAN', '296', 68),
	(878, 'GAMBITA', '298', 68),
	(879, 'GIRON', '307', 68),
	(880, 'GUACA', '318', 68),
	(881, 'GUADALUPE', '320', 68),
	(882, 'GUAPOTA', '322', 68),
	(883, 'GUAVATA', '324', 68),
	(884, 'GsEPSA', '327', 68),
	(885, 'HATO', '344', 68),
	(886, 'JESUS MARIA', '368', 68),
	(887, 'JORDAN', '370', 68),
	(888, 'LA BELLEZA', '377', 68),
	(889, 'LANDAZURI', '385', 68),
	(890, 'LA PAZ', '397', 68),
	(891, 'LEBRIJA', '406', 68),
	(892, 'LOS SANTOS', '418', 68),
	(893, 'MACARAVITA', '425', 68),
	(894, 'MALAGA', '432', 68),
	(895, 'MATANZA', '444', 68),
	(896, 'MOGOTES', '464', 68),
	(897, 'MOLAGAVITA', '468', 68),
	(898, 'OCAMONTE', '498', 68),
	(899, 'OIBA', '500', 68),
	(900, 'ONZAGA', '502', 68),
	(901, 'PALMAR', '522', 68),
	(902, 'PALMAS DEL SOCORRO', '524', 68),
	(903, 'PARAMO', '533', 68),
	(904, 'PIEDECUESTA', '547', 68),
	(905, 'PINCHOTE', '549', 68),
	(906, 'PUENTE NACIONAL', '572', 68),
	(907, 'PUERTO PARRA', '573', 68),
	(908, 'PUERTO WILCHES', '575', 68),
	(909, 'RIONEGRO', '615', 68),
	(910, 'SABANA DE TORRES', '655', 68),
	(911, 'SAN ANDRES', '669', 68),
	(912, 'SAN BENITO', '673', 68),
	(913, 'SAN GIL', '679', 68),
	(914, 'SAN JOAQUIN', '682', 68),
	(915, 'SAN JOSE DE MIRANDA', '684', 68),
	(916, 'SAN MIGUEL', '686', 68),
	(917, 'SAN VICENTE DE CHUCURI', '689', 68),
	(918, 'SANTA BARBARA', '705', 68),
	(919, 'SANTA HELENA DEL OPON', '720', 68),
	(920, 'SIMACOTA', '745', 68),
	(921, 'SOCORRO', '755', 68),
	(922, 'SUAITA', '770', 68),
	(923, 'SUCRE', '773', 68),
	(924, 'SURATA', '780', 68),
	(925, 'TONA', '820', 68),
	(926, 'VALLE DE SAN JOSE', '855', 68),
	(927, 'VELEZ', '861', 68),
	(928, 'VETAS', '867', 68),
	(929, 'VILLANUEVA', '872', 68),
	(930, 'ZAPATOCA', '895', 68),
	(931, 'SINCELEJO', '001', 70),
	(932, 'BUENAVISTA', '110', 70),
	(933, 'CAIMITO', '124', 70),
	(934, 'COLOSO', '204', 70),
	(935, 'COROZAL', '215', 70),
	(936, 'COVEÑAS', '221', 70),
	(937, 'CHALAN', '230', 70),
	(938, 'EL ROBLE', '233', 70),
	(939, 'GALERAS', '235', 70),
	(940, 'GUARANDA', '265', 70),
	(941, 'LA UNION', '400', 70),
	(942, 'LOS PALMITOS', '418', 70),
	(943, 'MAJAGUAL', '429', 70),
	(944, 'MORROA', '473', 70),
	(945, 'OVEJAS', '508', 70),
	(946, 'PALMITO', '523', 70),
	(947, 'SAMPUES', '670', 70),
	(948, 'SAN BENITO ABAD', '678', 70),
	(949, 'SAN JUAN DE BETULIA', '702', 70),
	(950, 'SAN MARCOS', '708', 70),
	(951, 'SAN ONOFRE', '713', 70),
	(952, 'SAN PEDRO', '717', 70),
	(953, 'SAN LUIS DE SINCE', '742', 70),
	(954, 'SUCRE', '771', 70),
	(955, 'SANTIAGO DE TOLU', '820', 70),
	(956, 'TOLU VIEJO', '823', 70),
	(957, 'IBAGUE', '001', 73),
	(958, 'ALPUJARRA', '024', 73),
	(959, 'ALVARADO', '026', 73),
	(960, 'AMBALEMA', '030', 73),
	(961, 'ANZOATEGUI', '043', 73),
	(962, 'ARMERO', '055', 73),
	(963, 'ATACO', '067', 73),
	(964, 'CAJAMARCA', '124', 73),
	(965, 'CARMEN DE APICALA', '148', 73),
	(966, 'CASABIANCA', '152', 73),
	(967, 'CHAPARRAL', '168', 73),
	(968, 'COELLO', '200', 73),
	(969, 'COYAIMA', '217', 73),
	(970, 'CUNDAY', '226', 73),
	(971, 'DOLORES', '236', 73),
	(972, 'ESPINAL', '268', 73),
	(973, 'FALAN', '270', 73),
	(974, 'FLANDES', '275', 73),
	(975, 'FRESNO', '283', 73),
	(976, 'GUAMO', '319', 73),
	(977, 'HERVEO', '347', 73),
	(978, 'HONDA', '349', 73),
	(979, 'ICONONZO', '352', 73),
	(980, 'LERIDA', '408', 73),
	(981, 'LIBANO', '411', 73),
	(982, 'MARIQUITA', '443', 73),
	(983, 'MELGAR', '449', 73),
	(984, 'MURILLO', '461', 73),
	(985, 'NATAGAIMA', '483', 73),
	(986, 'ORTEGA', '504', 73),
	(987, 'PALOCABILDO', '520', 73),
	(988, 'PIEDRAS', '547', 73),
	(989, 'PLANADAS', '555', 73),
	(990, 'PRADO', '563', 73),
	(991, 'PURIFICACION', '585', 73),
	(992, 'RIOBLANCO', '616', 73),
	(993, 'RONCESVALLES', '622', 73),
	(994, 'ROVIRA', '624', 73),
	(995, 'SALDAÑA', '671', 73),
	(996, 'SAN ANTONIO', '675', 73),
	(997, 'SAN LUIS', '678', 73),
	(998, 'SANTA ISABEL', '686', 73),
	(999, 'SUAREZ', '770', 73),
	(1000, 'VALLE DE SAN JUAN', '854', 73),
	(1001, 'VENADILLO', '861', 73),
	(1002, 'VILLAHERMOSA', '870', 73),
	(1003, 'VILLARRICA', '873', 73),
	(1004, 'CALI', '001', 76),
	(1005, 'ALCALA', '020', 76),
	(1006, 'ANDALUCIA', '036', 76),
	(1007, 'ANSERMANUEVO', '041', 76),
	(1008, 'ARGELIA', '054', 76),
	(1009, 'BOLIVAR', '100', 76),
	(1010, 'BUENAVENTURA', '109', 76),
	(1011, 'GUADALAJARA DE BUGA', '111', 76),
	(1012, 'BUGALAGRANDE', '113', 76),
	(1013, 'CAICEDONIA', '122', 76),
	(1014, 'CALIMA', '126', 76),
	(1015, 'CANDELARIA', '130', 76),
	(1016, 'CARTAGO', '147', 76),
	(1017, 'DAGUA', '233', 76),
	(1018, 'EL AGUILA', '243', 76),
	(1019, 'EL CAIRO', '246', 76),
	(1020, 'EL CERRITO', '248', 76),
	(1021, 'EL DOVIO', '250', 76),
	(1022, 'FLORIDA', '275', 76),
	(1023, 'GINEBRA', '306', 76),
	(1024, 'GUACARI', '318', 76),
	(1025, 'JAMUNDI', '364', 76),
	(1026, 'LA CUMBRE', '377', 76),
	(1027, 'LA UNION', '400', 76),
	(1028, 'LA VICTORIA', '403', 76),
	(1029, 'OBANDO', '497', 76),
	(1030, 'PALMIRA', '520', 76),
	(1031, 'PRADERA', '563', 76),
	(1032, 'RESTREPO', '606', 76),
	(1033, 'RIOFRIO', '616', 76),
	(1034, 'ROLDANILLO', '622', 76),
	(1035, 'SAN PEDRO', '670', 76),
	(1036, 'SEVILLA', '736', 76),
	(1037, 'TORO', '823', 76),
	(1038, 'TRUJILLO', '828', 76),
	(1039, 'TULUA', '834', 76),
	(1040, 'ULLOA', '845', 76),
	(1041, 'VERSALLES', '863', 76),
	(1042, 'VIJES', '869', 76),
	(1043, 'YOTOCO', '890', 76),
	(1044, 'YUMBO', '892', 76),
	(1045, 'ZARZAL', '895', 76),
	(1046, 'ARAUCA', '001', 81),
	(1047, 'ARAUQUITA', '065', 81),
	(1048, 'CRAVO NORTE', '220', 81),
	(1049, 'FORTUL', '300', 81),
	(1050, 'PUERTO RONDON', '591', 81),
	(1051, 'SARAVENA', '736', 81),
	(1052, 'TAME', '794', 81),
	(1053, 'YOPAL', '001', 85),
	(1054, 'AGUAZUL', '010', 85),
	(1055, 'CHAMEZA', '015', 85),
	(1056, 'HATO COROZAL', '125', 85),
	(1057, 'LA SALINA', '136', 85),
	(1058, 'MANI', '139', 85),
	(1059, 'MONTERREY', '162', 85),
	(1060, 'NUNCHIA', '225', 85),
	(1061, 'OROCUE', '230', 85),
	(1062, 'PAZ DE ARIPORO', '250', 85),
	(1063, 'PORE', '263', 85),
	(1064, 'RECETOR', '279', 85),
	(1065, 'SABANALARGA', '300', 85),
	(1066, 'SACAMA', '315', 85),
	(1067, 'SAN LUIS DE PALENQUE', '325', 85),
	(1068, 'TAMARA', '400', 85),
	(1069, 'TAURAMENA', '410', 85),
	(1070, 'TRINIDAD', '430', 85),
	(1071, 'VILLANUEVA', '440', 85),
	(1072, 'MOCOA', '001', 86),
	(1073, 'COLON', '219', 86),
	(1074, 'ORITO', '320', 86),
	(1075, 'PUERTO ASIS', '568', 86),
	(1076, 'PUERTO CAICEDO', '569', 86),
	(1077, 'PUERTO GUZMAN', '571', 86),
	(1078, 'LEGUIZAMO', '573', 86),
	(1079, 'SIBUNDOY', '749', 86),
	(1080, 'SAN FRANCISCO', '755', 86),
	(1081, 'SAN MIGUEL', '757', 86),
	(1082, 'SANTIAGO', '760', 86),
	(1083, 'VALLE DEL GUAMUEZ', '865', 86),
	(1084, 'VILLAGARZON', '885', 86),
	(1085, 'SAN ANDRES', '001', 88),
	(1086, 'PROVIDENCIA', '564', 88),
	(1087, 'LETICIA', '001', 91),
	(1088, 'EL ENCANTO', '263', 91),
	(1089, 'LA CHORRERA', '405', 91),
	(1090, 'LA PEDRERA', '407', 91),
	(1091, 'LA VICTORIA', '430', 91),
	(1092, 'MIRITI - PARANA', '460', 91),
	(1093, 'PUERTO ALEGRIA', '530', 91),
	(1094, 'PUERTO ARICA', '536', 91),
	(1095, 'PUERTO NARIÑO', '540', 91),
	(1096, 'PUERTO SANTANDER', '669', 91),
	(1097, 'TARAPACA', '798', 91),
	(1098, 'INIRIDA', '001', 94),
	(1099, 'BARRANCO MINAS', '343', 94),
	(1100, 'MAPIRIPANA', '663', 94),
	(1101, 'SAN FELIPE', '883', 94),
	(1102, 'PUERTO COLOMBIA', '884', 94),
	(1103, 'LA GUADALUPE', '885', 94),
	(1104, 'CACAHUAL', '886', 94),
	(1105, 'PANA PANA', '887', 94),
	(1106, 'MORICHAL', '888', 94),
	(1107, 'SAN JOSE DEL GUAVIARE', '001', 95),
	(1108, 'CALAMAR', '015', 95),
	(1109, 'EL RETORNO', '025', 95),
	(1110, 'MIRAFLORES', '200', 95),
	(1111, 'MITU', '001', 97),
	(1112, 'CARURU', '161', 97),
	(1113, 'PACOA', '511', 97),
	(1114, 'TARAIRA', '666', 97),
	(1115, 'PAPUNAUA', '777', 97),
	(1116, 'YAVARATE', '889', 97),
	(1117, 'PUERTO CARREÑO', '001', 99),
	(1118, 'LA PRIMAVERA', '524', 99),
	(1119, 'SANTA ROSALIA', '624', 99),
	(1120, 'CUMARIBO', '773', 99);
/*!40000 ALTER TABLE `municipios` ENABLE KEYS */;

-- Volcando estructura para tabla person.permisosroles
DROP TABLE IF EXISTS `permisosroles`;
CREATE TABLE IF NOT EXISTS `permisosroles` (
  `id` int(11) NOT NULL AUTO_INCREMENT,
  `idaccion` int(11) DEFAULT 0,
  `idrol` int(11) DEFAULT NULL,
  `idmodulo` int(11) DEFAULT NULL,
  PRIMARY KEY (`id`),
  UNIQUE KEY `Índice 5` (`idaccion`,`idrol`,`idmodulo`),
  KEY `FK__roles` (`idrol`),
  KEY `FK__modulos` (`idmodulo`),
  CONSTRAINT `FK__modulos` FOREIGN KEY (`idmodulo`) REFERENCES `modulos` (`id`) ON DELETE NO ACTION ON UPDATE NO ACTION,
  CONSTRAINT `FK__roles` FOREIGN KEY (`idrol`) REFERENCES `roles` (`id`) ON DELETE NO ACTION ON UPDATE NO ACTION,
  CONSTRAINT `FK_permisosroles_accion` FOREIGN KEY (`idaccion`) REFERENCES `acciones` (`id`) ON DELETE NO ACTION ON UPDATE NO ACTION
) ENGINE=InnoDB AUTO_INCREMENT=5 DEFAULT CHARSET=utf8mb3 COLLATE=utf8mb3_spanish_ci;

-- Volcando datos para la tabla person.permisosroles: ~2 rows (aproximadamente)
DELETE FROM `permisosroles`;
/*!40000 ALTER TABLE `permisosroles` DISABLE KEYS */;
INSERT INTO `permisosroles` (`id`, `idaccion`, `idrol`, `idmodulo`) VALUES
	(1, 1, 1, 1),
	(3, 1, 1, 3),
	(4, 3, 1, 3);
/*!40000 ALTER TABLE `permisosroles` ENABLE KEYS */;

-- Volcando estructura para tabla person.registro
DROP TABLE IF EXISTS `registro`;
CREATE TABLE IF NOT EXISTS `registro` (
  `id` int(11) NOT NULL AUTO_INCREMENT,
  `numerovalidas` int(11) DEFAULT NULL,
  `numeroinvalidas` int(11) DEFAULT NULL,
  `total` int(11) DEFAULT NULL,
  `idmunicipio` int(11) DEFAULT NULL,
  `fecha` date DEFAULT NULL,
  `idcuentaacceso` int(11) DEFAULT NULL,
  `iduser` int(11) DEFAULT NULL,
  PRIMARY KEY (`id`),
  KEY `FKMUN` (`idmunicipio`),
  CONSTRAINT `FKMUN` FOREIGN KEY (`idmunicipio`) REFERENCES `municipios` (`id`) ON DELETE NO ACTION ON UPDATE NO ACTION
) ENGINE=InnoDB AUTO_INCREMENT=4 DEFAULT CHARSET=utf8mb3 COLLATE=utf8mb3_spanish_ci;

-- Volcando datos para la tabla person.registro: ~1 rows (aproximadamente)
DELETE FROM `registro`;
/*!40000 ALTER TABLE `registro` DISABLE KEYS */;
INSERT INTO `registro` (`id`, `numerovalidas`, `numeroinvalidas`, `total`, `idmunicipio`, `fecha`, `idcuentaacceso`, `iduser`) VALUES
	(1, 6, 1, 7, 930, '2021-09-01', 1, 1),
	(2, 1, 1, 2, 930, '2021-09-01', 1, 1),
	(3, 6, 1, 7, 930, '2021-09-01', 1, 1);
/*!40000 ALTER TABLE `registro` ENABLE KEYS */;

-- Volcando estructura para tabla person.roles
DROP TABLE IF EXISTS `roles`;
CREATE TABLE IF NOT EXISTS `roles` (
  `id` int(11) NOT NULL AUTO_INCREMENT,
  `nombre` varchar(40) COLLATE utf8mb3_spanish_ci DEFAULT NULL,
  `descripcion` varchar(200) COLLATE utf8mb3_spanish_ci DEFAULT NULL,
  PRIMARY KEY (`id`)
) ENGINE=InnoDB AUTO_INCREMENT=2 DEFAULT CHARSET=utf8mb3 COLLATE=utf8mb3_spanish_ci;

-- Volcando datos para la tabla person.roles: ~0 rows (aproximadamente)
DELETE FROM `roles`;
/*!40000 ALTER TABLE `roles` DISABLE KEYS */;
INSERT INTO `roles` (`id`, `nombre`, `descripcion`) VALUES
	(1, 'ADM', 'Administrador de la herramienta');
/*!40000 ALTER TABLE `roles` ENABLE KEYS */;

-- Volcando estructura para tabla person.user
DROP TABLE IF EXISTS `user`;
CREATE TABLE IF NOT EXISTS `user` (
  `id` int(11) NOT NULL AUTO_INCREMENT,
  `firts_name` varchar(50) COLLATE utf8mb3_spanish_ci DEFAULT NULL,
  `last_name` varchar(50) COLLATE utf8mb3_spanish_ci DEFAULT NULL,
  `email` varchar(50) COLLATE utf8mb3_spanish_ci DEFAULT NULL,
  `document` varchar(50) COLLATE utf8mb3_spanish_ci DEFAULT NULL,
  PRIMARY KEY (`id`),
  UNIQUE KEY `UNQ` (`document`)
) ENGINE=InnoDB AUTO_INCREMENT=6 DEFAULT CHARSET=utf8mb3 COLLATE=utf8mb3_spanish_ci;

-- Volcando datos para la tabla person.user: ~3 rows (aproximadamente)
DELETE FROM `user`;
/*!40000 ALTER TABLE `user` DISABLE KEYS */;
INSERT INTO `user` (`id`, `firts_name`, `last_name`, `email`, `document`) VALUES
	(1, 'Jorge', 'Mojica', 'jorge.mojica92@gmail.com', '1095811763'),
	(2, 'Jesus', 'Posso', 'jjposso@marval.com.co', '1077478028'),
	(3, 'Deysi', 'Delgado', 'dedelgado@marval.com.co', '112547898'),
	(4, 'Eduard', 'Cala', 'eduar.cala@gmail.com', '123456123');
/*!40000 ALTER TABLE `user` ENABLE KEYS */;

/*!40101 SET SQL_MODE=IFNULL(@OLD_SQL_MODE, '') */;
/*!40014 SET FOREIGN_KEY_CHECKS=IFNULL(@OLD_FOREIGN_KEY_CHECKS, 1) */;
/*!40101 SET CHARACTER_SET_CLIENT=@OLD_CHARACTER_SET_CLIENT */;
/*!40111 SET SQL_NOTES=IFNULL(@OLD_SQL_NOTES, 1) */;
